#PeakID(python identify_motif.py ./ENCODE_processed_files/IRF9_idr.fa IRF9 --motif_path ./motifs/ --distance 50  --cutoff --size 400 --repeat ../hg38_repeats/hg38_repeats_merged.nodup.all.txt)	chr	start	end	strand	idrScore	count	motif score +	motif position +	motif score -	motif position -	adjusted motif position +	adjusted motif position -
432_0	chrM	12217	12617	+	1000	981.5	[0.8786965]	[104]	[]	[]	[12419]	[]
432_10006	chr1	21768236	21768636	+	667	30.0	[1.2104973]	[179]	[]	[]	[21768465]	[]
432_10032	chr1	111508314	111508714	+	669	30.0	[-1.0242902]	[144]	[]	[]	[111508504]	[]
432_10044	chr1	150487057	150487457	+	807	30.0	[]	[]	[6.8780456]	[80]	[]	[150487230]
432_10117	chr11	94638747	94639147	+	593	30.0	[]	[]	[-0.20348385]	[123]	[]	[94638952]
432_10125	chr12	52280212	52280612	+	763	30.0	[]	[]	[-1.0916426]	[122]	[]	[52280434]
432_10130	chr12	106357599	106357999	+	797	30.0	[]	[]	[-1.1971531]	[113]	[]	[106357808]
432_10133	chr13	80528727	80529127	+	735	30.0	[]	[]	[0.20361096]	[133]	[]	[80528912]
432_10137	chr13	107858924	107859324	+	703	30.0	[-0.86698943]	[160]	[]	[]	[107859156]	[]
432_10141	chr14	21269874	21270274	+	816	30.0	[]	[]	[6.401773]	[169]	[]	[21270061]
432_10144	chr14	73458555	73458955	+	582	30.0	[]	[]	[-1.6777029]	[191]	[]	[73458798]
432_10202	chr19	49155105	49155505	+	759	30.0	[]	[]	[3.6873918]	[183]	[]	[49155350]
432_10207	chr19	54200737	54201137	+	737	30.0	[]	[]	[-0.975864]	[113]	[]	[54200918]
432_10210	chr2	10344857	10345257	+	787	30.0	[]	[]	[1.8216484, -1.8863988, -1.0121409]	[108, 130, 154]	[]	[10345030, 10345052, 10345076]
432_1032	chr12	124917089	124917489	+	1000	72.5	[]	[]	[1.0203474]	[93]	[]	[124917262]
432_10329	chr5	37187595	37187995	+	716	30.0	[-1.2083607]	[156]	[-0.9083615]	[69]	[37187835]	[37187748]
432_10333	chr5	109496126	109496526	+	765	30.0	[]	[]	[3.0474982]	[141]	[]	[109496344]
432_10342	chr5	181241511	181241911	+	758	30.0	[]	[]	[-0.614298]	[153]	[]	[181241715]
432_10355	chr6	39999572	39999972	+	756	30.0	[-0.050111305]	[97]	[]	[]	[39999730]	[]
432_10391	chr7	137941070	137941470	+	719	30.0	[-1.0530939]	[184]	[]	[]	[137941306]	[]
432_10406	chr8	115673240	115673640	+	672	30.0	[-0.8406967]	[112]	[]	[]	[115673448]	[]
432_10435	chr1	26686806	26687206	+	775	29.5	[]	[]	[-0.3103866]	[126]	[]	[26687018]
432_1044	chr7	2956841	2957241	+	1000	72.5	[4.7939496, 0.9226202]	[147, 153]	[0.4864871]	[175]	[2957044, 2957050]	[2957072]
432_10445	chr1	52552013	52552413	+	749	29.5	[0.116837755]	[139]	[]	[]	[52552248]	[]
432_10467	chr1	201019567	201019967	+	706	29.5	[]	[]	[-1.0794327]	[148]	[]	[201019753]
432_10472	chr1	207051164	207051564	+	759	29.5	[4.224521]	[159]	[]	[]	[207051387]	[]
432_10474	chr1	207752079	207752479	+	556	29.5	[]	[]	[4.5578237]	[101]	[]	[207752235]
432_10485	chr1	246187985	246188385	+	655	29.5	[1.7167387]	[56]	[]	[]	[246188136]	[]
432_10494	chr10	45261574	45261974	+	713	29.5	[2.9987664, -1.9437506]	[75, 87]	[]	[]	[45261744, 45261756]	[]
432_10502	chr11	10857697	10858097	+	704	29.5	[-1.0930853, -0.29580772]	[145, 151]	[]	[]	[10857934, 10857940]	[]
432_10513	chr11	66311893	66312293	+	761	29.5	[-0.98611724, 2.573512]	[91, 97]	[]	[]	[66312047, 66312053]	[]
432_10528	chr12	113765475	113765875	+	699	29.5	[]	[]	[3.140538, 0.4795725, -0.76542324]	[72, 92, 106]	[]	[113765638, 113765658, 113765672]
432_10597	chr19	9621136	9621536	+	648	29.5	[]	[]	[-1.1077455, 0.901728]	[106, 112]	[]	[9621292, 9621298]
432_10612	chr1_KI270709v1_random	-64	336	+	785	29.5	[]	[]	[-0.7122958, 0.29135433]	[117, 143]	[]	[122, 148]
432_10624	chr2	85327956	85328356	+	713	29.5	[]	[]	[-1.4979242]	[109]	[]	[85328127]
432_10657	chr21	44082598	44082998	+	763	29.5	[]	[]	[-0.42532083]	[78]	[]	[44082758]
432_1067	chr10	21097542	21097942	+	1000	71.5	[-1.0872877]	[132]	[]	[]	[21097762]	[]
432_10671	chr22	20883411	20883811	+	699	29.5	[]	[]	[0.98871124]	[200]	[]	[20883656]
432_1068	chr10	42070374	42070774	+	1000	71.5	[-0.20488591, -0.120620415]	[63, 90]	[]	[]	[42070526, 42070553]	[]
432_10691	chr22	22949713	22950113	+	665	29.5	[]	[]	[0.04541392]	[78]	[]	[22949884]
432_10711	chr4	98995006	98995406	+	758	29.5	[-0.92927366]	[109]	[]	[]	[98995189]	[]
432_10751	chr6	75243646	75244046	+	628	29.5	[1.9788619]	[157]	[]	[]	[75243886]	[]
432_10764	chr6	159983755	159984155	+	789	29.5	[1.5587127]	[137]	[-1.8565676]	[176]	[159983962]	[159984001]
432_10767	chr7	45203945	45204345	+	747	29.5	[0.2571479]	[56]	[]	[]	[45204099]	[]
432_10771	chr7	93117850	93118250	+	725	29.5	[]	[]	[1.7957249, 7.4728527, 1.2311294]	[185, 190, 191]	[]	[93118093, 93118098, 93118099]
432_10772	chr7	96720808	96721208	+	599	29.5	[1.7336763, 1.3048481]	[103, 134]	[]	[]	[96720995, 96721026]	[]
432_10783	chr7	108104418	108104818	+	682	29.5	[]	[]	[-1.4535786]	[167]	[]	[108104668]
432_10786	chr7	129830018	129830418	+	768	29.5	[-1.9986188, 3.3105667]	[149, 170]	[]	[]	[129830196, 129830217]	[]
432_10799	chr8	101632499	101632899	+	694	29.5	[-0.94285434]	[141]	[]	[]	[101632718]	[]
432_10826	chr1	15834489	15834889	+	731	29.0	[]	[]	[2.5321302]	[196]	[]	[15834728]
432_10842	chr1	83839560	83839960	+	711	29.0	[-0.74458355]	[104]	[]	[]	[83839746]	[]
432_10919	chr13	107852224	107852624	+	727	29.0	[]	[]	[-1.7694219]	[204]	[]	[107852429]
432_10950	chr17	58335710	58336110	+	742	29.0	[2.2360384]	[188]	[]	[]	[58335923]	[]
432_10951	chr17	58417592	58417992	+	714	29.0	[0.40533617, 1.4959098]	[113, 119]	[]	[]	[58417758, 58417764]	[]
432_10963	chr18	6683313	6683713	+	603	29.0	[]	[]	[-0.6047636, -1.4339887]	[122, 128]	[]	[6683485, 6683491]
432_10994	chr2	71748278	71748678	+	705	29.0	[0.67980427]	[123]	[]	[]	[71748489]	[]
432_11001	chr2	144333117	144333517	+	745	29.0	[-0.023726016]	[116]	[]	[]	[144333281]	[]
432_11072	chr4	112231136	112231536	+	727	29.0	[-0.9351441]	[129]	[]	[]	[112231339]	[]
432_11092	chr6	25153115	25153515	+	581	29.0	[]	[]	[2.0427887, 0.1561066]	[83, 89]	[]	[25153292, 25153298]
432_11141	chr7	129866161	129866561	+	688	29.0	[]	[]	[1.8558995, 5.7996774]	[192, 198]	[]	[129866404, 129866410]
432_1119	chr7	130960301	130960701	+	1000	70.5	[]	[]	[-1.5984716]	[70]	[]	[130960459]
432_11201	chr1	33127140	33127540	+	620	28.5	[]	[]	[-1.443684]	[146]	[]	[33127314]
432_11226	chr1	172932956	172933356	+	704	28.5	[]	[]	[-1.914848]	[119]	[]	[172933127]
432_11237	chr1	223845040	223845440	+	696	28.5	[1.302525]	[114]	[]	[]	[223845197]	[]
432_11273	chr11	43367168	43367568	+	723	28.5	[]	[]	[1.0660723]	[88]	[]	[43367325]
432_11291	chr12	95217724	95218124	+	661	28.5	[1.0836387]	[167]	[]	[]	[95217933]	[]
432_11303	chr13	80867656	80868056	+	676	28.5	[3.4729095]	[94]	[]	[]	[80867821]	[]
432_11319	chr15	45417421	45417821	+	627	28.5	[-1.6604471, -0.6272689]	[52, 147]	[]	[]	[45417572, 45417667]	[]
432_1133	chr2	38643788	38644188	+	1000	70.0	[3.1494985, -1.5270125]	[89, 164]	[-1.9483709, 1.7002813]	[129, 134]	[38643960, 38644035]	[38644000, 38644005]
432_11349	chr17	46286753	46287153	+	697	28.5	[6.795946]	[135]	[]	[]	[46286980]	[]
432_114	chr10	21724590	21724990	+	1000	201.5	[]	[]	[8.830872]	[149]	[]	[21724837]
432_11401	chr2	113858578	113858978	+	702	28.5	[]	[]	[0.28845355]	[117]	[]	[113858768]
432_11446	chr22	21994267	21994667	+	667	28.5	[]	[]	[5.1543097]	[204]	[]	[21994495]
432_11492	chr5	36150838	36151238	+	688	28.5	[]	[]	[-0.6512617]	[141]	[]	[36151043]
432_11512	chr6	27157709	27158109	+	723	28.5	[4.0499835]	[196]	[-1.4535786]	[214]	[27157933]	[27157951]
432_11513	chr6	27388763	27389163	+	713	28.5	[]	[]	[-0.106814526]	[145]	[]	[27388936]
432_11537	chr6	157825395	157825795	+	607	28.5	[]	[]	[-0.9730784]	[99]	[]	[157825591]
432_11549	chr7	32494838	32495238	+	655	28.5	[1.9172732]	[171]	[]	[]	[32495065]	[]
432_11589	chrX	120485581	120485981	+	616	28.5	[11.828583]	[199]	[]	[]	[120485782]	[]
432_11594	chr1	18858250	18858650	+	595	28.0	[0.18378173]	[235]	[]	[]	[18858489]	[]
432_11599	chr1	26744182	26744582	+	697	28.0	[0.30989236]	[180]	[-1.2275404]	[144]	[26744403]	[26744367]
432_11621	chr1	90007867	90008267	+	638	28.0	[-1.2015094]	[183]	[7.6140323, 0.33500966]	[120, 141]	[90008084]	[90008021, 90008042]
432_11631	chr1	172429450	172429850	+	679	28.0	[-2.0195534]	[178]	[]	[]	[172429670]	[]
432_11653	chr1	226309851	226310251	+	638	28.0	[11.174322]	[158]	[]	[]	[226310019]	[]
432_11658	chr1	234771820	234772220	+	662	28.0	[]	[]	[-1.7973212]	[132]	[]	[234772024]
432_11668	chr10	42086447	42086847	+	657	28.0	[-0.24394833]	[123]	[]	[]	[42086667]	[]
432_11695	chr11	65858449	65858849	+	656	28.0	[-1.35717]	[108]	[]	[]	[65858639]	[]
432_11707	chr11	114082718	114083118	+	626	28.0	[-1.5236442]	[156]	[0.03484275]	[123]	[114082953]	[114082920]
432_11721	chr12	89179953	89180353	+	683	28.0	[]	[]	[0.006473678]	[138]	[]	[89180167]
432_11736	chr13	91399857	91400257	+	587	28.0	[]	[]	[3.4837463]	[102]	[]	[91400041]
432_11747	chr15	43800494	43800894	+	661	28.0	[-0.32096136]	[123]	[]	[]	[43800653]	[]
432_11769	chr17	46191440	46191840	+	600	28.0	[-1.1660544, -1.7667341]	[116, 155]	[]	[]	[46191651, 46191690]	[]
432_11771	chr17	59155235	59155635	+	671	28.0	[]	[]	[5.262951]	[149]	[]	[59155422]
432_11781	chr18	3526183	3526583	+	557	28.0	[0.8088253, 0.18559237, 10.060333]	[187, 192, 193]	[]	[]	[3526388, 3526393, 3526394]	[]
432_11803	chr19	51926989	51927389	+	689	28.0	[2.3732543]	[207]	[]	[]	[51927220]	[]
432_11814	chr2	68391153	68391553	+	672	28.0	[]	[]	[-0.95093566]	[147]	[]	[68391393]
432_11816	chr2	71130333	71130733	+	674	28.0	[]	[]	[-0.7161151]	[149]	[]	[71130559]
432_11825	chr2	148645955	148646355	+	681	28.0	[-1.9515572]	[93]	[]	[]	[148646115]	[]
432_11857	chr22	19496344	19496744	+	626	28.0	[]	[]	[0.24823895, -0.07706668]	[113, 133]	[]	[19496554, 19496574]
432_11896	chr3	24351871	24352271	+	636	28.0	[]	[]	[-1.051231]	[165]	[]	[24352054]
432_11935	chr5	69189172	69189572	+	696	28.0	[3.3715272]	[158]	[]	[]	[69189397]	[]
432_11947	chr6	13912928	13913328	+	695	28.0	[-0.06984513]	[68]	[]	[]	[13913095]	[]
432_11976	chr6	73585454	73585854	+	560	28.0	[4.524553]	[149]	[]	[]	[73585614]	[]
432_11989	chr7	29793442	29793842	+	667	28.0	[]	[]	[-1.7917033, 2.3643494]	[116, 169]	[]	[29793623, 29793676]
432_12005	chr7	128608969	128609369	+	639	28.0	[]	[]	[1.005736]	[126]	[]	[128609187]
432_12007	chr7	149090019	149090419	+	697	28.0	[-0.2737552]	[152]	[1.5758281, 0.062385045]	[179, 185]	[149090220]	[149090247, 149090253]
432_12013	chr8	38347488	38347888	+	572	28.0	[]	[]	[3.3398488, 1.3913637, -1.9009746]	[166, 176, 182]	[]	[38347692, 38347702, 38347708]
432_12017	chr8	105364736	105365136	+	575	28.0	[]	[]	[2.4780135]	[115]	[]	[105364934]
432_12041	chr1	12549381	12549781	+	609	27.5	[]	[]	[-0.7171578]	[95]	[]	[12549552]
432_12067	chr1	116846069	116846469	+	608	27.5	[0.20397256]	[168]	[]	[]	[116846298]	[]
432_12071	chr1	155983476	155983876	+	653	27.5	[3.3576689]	[114]	[]	[]	[155983675]	[]
432_12074	chr1	167219738	167220138	+	634	27.5	[]	[]	[5.907347]	[121]	[]	[167219928]
432_12076	chr1	172717575	172717975	+	645	27.5	[]	[]	[1.0817758]	[96]	[]	[172717734]
432_12128	chr12	14384888	14385288	+	617	27.5	[]	[]	[-1.2069081, 0.727578]	[176, 183]	[]	[14385104, 14385111]
432_12138	chr12	104467443	104467843	+	605	27.5	[-0.5750668]	[82]	[]	[]	[104467604]	[]
432_12145	chr12	132887758	132888158	+	619	27.5	[]	[]	[-1.9687035]	[93]	[]	[132887950]
432_12150	chr13	91370632	91371032	+	661	27.5	[]	[]	[3.8347867]	[72]	[]	[91370795]
432_12154	chr13	107963257	107963657	+	612	27.5	[]	[]	[3.4013958]	[123]	[]	[107963464]
432_12174	chr16	67936763	67937163	+	566	27.5	[]	[]	[0.42582795, 2.6515017]	[68, 74]	[]	[67936917, 67936923]
432_12188	chr17	58666735	58667135	+	586	27.5	[-1.8693554]	[127]	[]	[]	[58666944]	[]
432_12191	chr17	75338449	75338849	+	651	27.5	[]	[]	[-0.9214652, -0.6417813]	[132, 158]	[]	[75338655, 75338681]
432_12230	chr2	144332647	144333047	+	630	27.5	[]	[]	[1.3749776]	[152]	[]	[144332876]
432_12233	chr2	195513133	195513533	+	651	27.5	[]	[]	[3.272623]	[177]	[]	[195513338]
432_12234	chr2	200408479	200408879	+	657	27.5	[10.643615, -1.8740635, -1.6108612]	[156, 161, 181]	[]	[]	[200408687, 200408692, 200408712]	[]
432_12238	chr20	41086502	41086902	+	576	27.5	[]	[]	[5.131847]	[149]	[]	[41086697]
432_12303	chr5	20972711	20973111	+	604	27.5	[]	[]	[4.721883, 2.0470629, 1.6533641]	[173, 179, 210]	[]	[20972902, 20972908, 20972939]
432_12332	chr6	33320062	33320462	+	635	27.5	[]	[]	[-1.2053199]	[174]	[]	[33320269]
432_12335	chr6	35468244	35468644	+	644	27.5	[]	[]	[0.41358292]	[90]	[]	[35468401]
432_12367	chr7	90244825	90245225	+	646	27.5	[4.2926655]	[124]	[]	[]	[90245000]	[]
432_12374	chr7	111730487	111730887	+	634	27.5	[2.3863165, 2.3902283]	[112, 113]	[]	[]	[111730639, 111730640]	[]
432_12378	chr7	135800997	135801397	+	652	27.5	[]	[]	[4.5758786]	[171]	[]	[135801189]
432_12387	chr8	8346638	8347038	+	630	27.5	[]	[]	[-1.0831181]	[84]	[]	[8346793]
432_12411	chr1	1778813	1779213	+	606	27.0	[9.346047, 5.2288733]	[146, 152]	[]	[]	[1778977, 1778983]	[]
432_12423	chr1	28369216	28369616	+	558	27.0	[]	[]	[2.9762487]	[184]	[]	[28369408]
432_12434	chr1	67736106	67736506	+	627	27.0	[6.235055, -1.6503714]	[126, 132]	[]	[]	[67736281, 67736287]	[]
432_1244	chr7	16668039	16668439	+	1000	67.5	[1.0784762]	[194]	[]	[]	[16668289]	[]
432_12470	chr1	241531877	241532277	+	574	27.0	[17.291428, 5.709536]	[141, 147]	[]	[]	[241532075, 241532081]	[]
432_12486	chr10	74150710	74151110	+	560	27.0	[2.2915242]	[91]	[]	[]	[74150877]	[]
432_12505	chr12	56117792	56118192	+	594	27.0	[]	[]	[4.6017084]	[164]	[]	[56118011]
432_12506	chr12	82358267	82358667	+	629	27.0	[-1.8296565]	[128]	[]	[]	[82358432]	[]
432_12549	chr18	363516	363916	+	609	27.0	[-1.3168211]	[101]	[]	[]	[363714]	[]
432_12557	chr19	12669370	12669770	+	613	27.0	[8.680341]	[174]	[]	[]	[12669601]	[]
432_1256	chr11	69918752	69919152	+	1000	67.0	[0.44036663]	[94]	[]	[]	[69918942]	[]
432_12588	chr2	70293370	70293770	+	632	27.0	[]	[]	[-1.4215274]	[152]	[]	[70293588]
432_1262	chr19	54208140	54208540	+	1000	67.0	[]	[]	[1.0116044]	[62]	[]	[54208295]
432_12658	chr3	139339212	139339612	+	621	27.0	[]	[]	[3.8208678, -0.5881275]	[115, 129]	[]	[139339413, 139339427]
432_12678	chr5	43514849	43515249	+	592	27.0	[0.6822756]	[200]	[]	[]	[43515077]	[]
432_1269	chr4	38967250	38967650	+	1000	67.0	[]	[]	[0.33624682]	[57]	[]	[38967406]
432_12694	chr5	181161267	181161667	+	598	27.0	[-1.2721881]	[174]	[]	[]	[181161488]	[]
432_127	chr14	24161007	24161407	+	1000	193.0	[4.239693]	[121]	[]	[]	[24161225]	[]
432_1270	chr5	53560390	53560790	+	1000	67.0	[0.37628615]	[64]	[]	[]	[53560546]	[]
432_12715	chr6	131628135	131628535	+	636	27.0	[0.11831208]	[200]	[]	[]	[131628348]	[]
432_12737	chr7	121441026	121441426	+	592	27.0	[]	[]	[5.70195]	[133]	[]	[121441186]
432_12742	chr8	1755756	1756156	+	642	27.0	[]	[]	[1.7625957]	[90]	[]	[1755913]
432_12775	chr1	16499491	16499891	+	569	26.5	[2.2245047]	[201]	[]	[]	[16499698]	[]
432_12798	chr1	111139277	111139677	+	551	26.5	[-0.8632841]	[141]	[]	[]	[111139477]	[]
432_12825	chr1	234613428	234613828	+	545	26.5	[]	[]	[-1.0473194]	[175]	[]	[234613656]
432_12834	chr10	73625342	73625742	+	584	26.5	[0.7805457]	[95]	[]	[]	[73625520]	[]
432_12865	chr13	91365098	91365498	+	577	26.5	[0.0425718, 0.3228084]	[224, 229]	[]	[]	[91365337, 91365342]	[]
432_12887	chr16	71807975	71808375	+	581	26.5	[-1.4192581]	[145]	[]	[]	[71808194]	[]
432_12897	chr17	42312743	42313143	+	591	26.5	[0.14403039]	[141]	[]	[]	[42312937]	[]
432_12903	chr17	67365890	67366290	+	587	26.5	[-1.931099]	[106]	[]	[]	[67366050]	[]
432_12909	chr18	12838068	12838468	+	544	26.5	[-2.0010495]	[101]	[]	[]	[12838248]	[]
432_12920	chr19	38674761	38675161	+	549	26.5	[]	[]	[0.65061426]	[109]	[]	[38674935]
432_12929	chr1_KI270706v1_random	4453	4853	+	549	26.5	[]	[]	[4.47479, 1.09172, 3.5852907, -1.985591, -0.028905284, 0.0166972]	[56, 62, 91, 125, 126, 132]	[]	[4607, 4613, 4642, 4676, 4677, 4683]
432_1296	chr7	139109169	139109569	+	1000	66.5	[8.567827, -1.1883113]	[122, 128]	[]	[]	[139109385, 139109391]	[]
432_12967	chr22	22894889	22895289	+	547	26.5	[-0.0390543]	[75]	[]	[]	[22895057]	[]
432_12985	chr4	74394499	74394899	+	593	26.5	[4.167115]	[180]	[]	[]	[74394738]	[]
432_12988	chr4	128461263	128461663	+	581	26.5	[]	[]	[4.0696816]	[202]	[]	[128461503]
432_12998	chr5	65624902	65625302	+	588	26.5	[2.7845776]	[75]	[3.3293445]	[148]	[65625060]	[65625133]
432_13006	chr5	138213445	138213845	+	571	26.5	[]	[]	[-0.99083114]	[173]	[]	[138213691]
432_13020	chr6	20267315	20267715	+	584	26.5	[4.450719]	[159]	[]	[]	[20267556]	[]
432_13041	chr6	137846423	137846823	+	602	26.5	[-1.2655729]	[133]	[]	[]	[137846611]	[]
432_13044	chr6	167831264	167831664	+	584	26.5	[]	[]	[0.23762189]	[65]	[]	[167831427]
432_13091	chr1	18902497	18902897	+	551	26.0	[7.0588136, 1.7341537]	[150, 156]	[]	[]	[18902740, 18902746]	[]
432_13102	chr1	44739739	44740139	+	544	26.0	[]	[]	[-1.6748519]	[170]	[]	[44739972]
432_13104	chr1	46603980	46604380	+	567	26.0	[]	[]	[0.20686398]	[138]	[]	[46604177]
432_13129	chr1	207645012	207645412	+	559	26.0	[]	[]	[13.86817]	[114]	[]	[207645179]
432_13141	chr11	61800439	61800839	+	559	26.0	[]	[]	[3.452446]	[204]	[]	[61800689]
432_1316	chr6	135323156	135323556	+	1000	66.0	[2.534159]	[174]	[]	[]	[135323406]	[]
432_13185	chr19	49155596	49155996	+	562	26.0	[]	[]	[-0.5185543]	[88]	[]	[49155777]
432_13195	chr2	215833568	215833968	+	562	26.0	[3.034056]	[163]	[]	[]	[215833813]	[]
432_13216	chr22_KI270738v1_random	31999	32399	+	559	26.0	[-0.3883817]	[116]	[]	[]	[32210]	[]
432_13221	chr3	14432124	14432524	+	585	26.0	[4.0765066]	[238]	[-1.7970616]	[168]	[14432372]	[14432302]
432_1324	chr1	52055583	52055983	+	1000	65.5	[4.5420384]	[107]	[]	[]	[52055784]	[]
432_13248	chr6	28136648	28137048	+	570	26.0	[-0.4646022]	[92]	[]	[]	[28136830]	[]
432_13266	chr7	127895419	127895819	+	544	26.0	[]	[]	[2.7815015]	[156]	[]	[127895582]
432_13296	chr10	46022931	46023331	+	548	25.5	[-1.5573072, 2.0424557]	[177, 183]	[]	[]	[46023117, 46023123]	[]
432_1370	chr9	128558393	128558793	+	1000	65.0	[]	[]	[-1.9470981]	[162]	[]	[128558595]
432_138	chr6	31971817	31972217	+	1000	182.0	[]	[]	[-1.4424113]	[92]	[]	[31972009]
432_1380	chr15	55196745	55197145	+	1000	64.5	[-1.7973212]	[78]	[]	[]	[55196916]	[]
432_1382	chr2	90392431	90392831	+	1000	64.5	[-1.7596434]	[160]	[]	[]	[90392676]	[]
432_1405	chr12	116385804	116386204	+	1000	64.0	[1.1085325]	[146]	[]	[]	[116386036]	[]
432_1444	chr6	3409728	3410128	+	1000	63.5	[11.442468]	[63]	[]	[]	[3409888]	[]
432_1462	chr12	55925360	55925760	+	1000	63.0	[-1.9372163, 2.4671583]	[73, 79]	[]	[]	[55925513, 55925519]	[]
432_1482	chrX	2629421	2629821	+	1000	63.0	[]	[]	[-1.480827, -0.07427935]	[115, 143]	[]	[2629631, 2629659]
432_149	chr14	24095338	24095738	+	1000	170.5	[-0.0735856]	[130]	[]	[]	[24095565]	[]
432_1548	chr5	119418139	119418539	+	1000	62.0	[]	[]	[0.8477829]	[165]	[]	[119418386]
432_1567	chr11	118359403	118359803	+	1000	61.5	[]	[]	[3.0581982]	[87]	[]	[118359587]
432_1581	chr3	36908009	36908409	+	1000	61.5	[5.944172]	[121]	[]	[]	[36908217]	[]
432_1590	chr6	162364504	162364904	+	1000	61.5	[0.13220434]	[95]	[]	[]	[162364693]	[]
432_1607	chr15	92900679	92901079	+	1000	61.0	[]	[]	[-0.9025072]	[115]	[]	[92900865]
432_1609	chr16	4451036	4451436	+	1000	61.0	[]	[]	[2.9543376]	[114]	[]	[4451250]
432_1617	chr6	146914041	146914441	+	1000	61.0	[]	[]	[0.37057504]	[174]	[]	[146914284]
432_1620	chr7	137992593	137992993	+	1000	61.0	[-0.43306845]	[81]	[]	[]	[137992763]	[]
432_1623	chr9	120580278	120580678	+	1000	61.0	[3.1465993]	[137]	[-1.598526]	[149]	[120580476]	[120580488]
432_1656	chr1	6259938	6260338	+	1000	60.0	[-1.0438051]	[148]	[]	[]	[6260165]	[]
432_1658	chr1	61141683	61142083	+	1000	60.0	[]	[]	[-0.82097745]	[90]	[]	[61141857]
432_1680	chr7	92809674	92810074	+	1000	60.0	[-1.2926197]	[86]	[]	[]	[92809856]	[]
432_1703	chr2	90385739	90386139	+	1000	59.5	[0.5707684]	[78]	[]	[]	[90385890]	[]
432_1721	chrX	154002202	154002602	+	1000	59.5	[]	[]	[1.5339147]	[139]	[]	[154002426]
432_1747	chr4	39638935	39639335	+	1000	59.0	[]	[]	[1.3614696]	[83]	[]	[39639115]
432_1758	chr1	1013162	1013562	+	1000	58.5	[1.4350241, 18.264708, 15.446084]	[123, 129, 135]	[7.5210934]	[82]	[1013381, 1013387, 1013393]	[1013340]
432_1845	chr10	69061487	69061887	+	1000	57.5	[]	[]	[3.4369385]	[152]	[]	[69061662]
432_1886	chr11	65498444	65498844	+	1000	57.0	[0.42889288]	[110]	[0.06053579]	[95]	[65498634]	[65498619]
432_189	chr1	143212958	143213358	+	1000	157.0	[-0.20488591]	[82]	[]	[]	[143213135]	[]
432_1920	chr10	75048806	75049206	+	1000	56.5	[-1.195985]	[98]	[]	[]	[75048995]	[]
432_197	chr2	12456424	12456824	+	1000	153.5	[1.9904984, 12.989338]	[141, 147]	[]	[]	[12456646, 12456652]	[]
432_1998	chr5	73160121	73160521	+	1000	56.0	[]	[]	[2.5420184]	[138]	[]	[73160348]
432_2003	chr6	44247016	44247416	+	1000	56.0	[]	[]	[-0.26685846]	[147]	[]	[44247248]
432_2037	chr3	11509144	11509544	+	1000	55.5	[]	[]	[5.673408]	[168]	[]	[11509382]
432_2080	chr20	31675127	31675527	+	1000	55.0	[]	[]	[2.0494726]	[210]	[]	[31675351]
432_2098	chr8	40107237	40107637	+	1000	55.0	[]	[]	[-1.1207131]	[170]	[]	[40107480]
432_21	chr16	46394622	46395022	+	1000	581.0	[-0.706872]	[69]	[]	[]	[46394785]	[]
432_2107	chr1	203861408	203861808	+	1000	54.5	[]	[]	[4.3618555]	[84]	[]	[203861583]
432_2127	chr22	19760153	19760553	+	1000	54.5	[5.5286484]	[120]	[]	[]	[19760368]	[]
432_2147	chr9	68747036	68747436	+	1000	54.5	[5.43189]	[156]	[]	[]	[68747284]	[]
432_2156	chrX	2630063	2630463	+	1000	54.5	[]	[]	[1.9325743]	[94]	[]	[2630257]
432_2184	chr3	14651368	14651768	+	1000	54.0	[2.2551937]	[64]	[]	[]	[14651522]	[]
432_2233	chr3	4995497	4995897	+	1000	53.5	[]	[]	[8.3758955]	[137]	[]	[4995693]
432_2237	chr6	85643998	85644398	+	1000	53.5	[5.564917]	[82]	[]	[]	[85644177]	[]
432_2244	chr1	53838285	53838685	+	1000	53.0	[-0.91960233]	[121]	[]	[]	[53838471]	[]
432_2254	chr10	114025303	114025703	+	1000	53.0	[-1.8889421]	[82]	[]	[]	[114025482]	[]
432_2268	chr2	150165974	150166374	+	1000	53.0	[]	[]	[0.63894945]	[192]	[]	[150166214]
432_2302	chr1	117339786	117340186	+	1000	52.5	[-1.539625]	[156]	[]	[]	[117339977]	[]
432_2340	chr5	34587810	34588210	+	1000	52.5	[1.4185776]	[107]	[]	[]	[34588000]	[]
432_2341	chr5	43064723	43065123	+	1000	52.5	[2.3029315]	[164]	[]	[]	[43064937]	[]
432_2343	chr5	146182402	146182802	+	1000	52.5	[2.7066338]	[122]	[]	[]	[146182595]	[]
432_2345	chr6	4459027	4459427	+	1000	52.5	[-1.7303019]	[83]	[]	[]	[4459209]	[]
432_2354	chr8	104622352	104622752	+	1000	52.5	[]	[]	[-0.9119356]	[198]	[]	[104622572]
432_2357	chr1	21022408	21022808	+	1000	52.0	[]	[]	[-0.75439227]	[120]	[]	[21022571]
432_2363	chr1	172907021	172907421	+	1000	52.0	[]	[]	[-1.0997988]	[82]	[]	[172907188]
432_2446	chr2	68121065	68121465	+	1000	51.5	[]	[]	[0.3572189]	[189]	[]	[68121313]
432_2459	chr3	72938505	72938905	+	1000	51.5	[]	[]	[-1.4695833]	[160]	[]	[72938734]
432_2462	chr4	87391012	87391412	+	1000	51.5	[7.6328945, 1.3883307]	[147, 153]	[]	[]	[87391204, 87391210]	[]
432_250	chr1	143266288	143266688	+	1000	136.5	[-1.4737619]	[160]	[]	[]	[143266504]	[]
432_2511	chr21	44854727	44855127	+	1000	51.0	[-1.4588617]	[84]	[]	[]	[44854898]	[]
432_2550	chr1	145979166	145979566	+	1000	50.5	[]	[]	[10.039734, 9.641421]	[205, 211]	[]	[145979408, 145979414]
432_2551	chr1	204706277	204706677	+	1000	50.5	[]	[]	[4.373624]	[202]	[]	[204706501]
432_2557	chr11	47578765	47579165	+	1000	50.5	[]	[]	[-0.643437, 2.8066854]	[57, 152]	[]	[47578917, 47579012]
432_2593	chr6	13979447	13979847	+	1000	50.5	[]	[]	[0.48928988]	[183]	[]	[13979668]
432_2618	chr1	179882536	179882936	+	1000	50.0	[0.6074228, -0.8848069]	[109, 149]	[]	[]	[179882744, 179882784]	[]
432_2676	chr7	103119709	103120109	+	1000	50.0	[-1.0151197]	[80]	[]	[]	[103119870]	[]
432_2734	chr22	22207653	22208053	+	1000	49.5	[0.6235007]	[99]	[]	[]	[22207823]	[]
432_2751	chr7	135147774	135148174	+	1000	49.5	[0.5133795, 13.799443]	[166, 172]	[]	[]	[135148010, 135148016]	[]
432_2761	chr1	59446164	59446564	+	1000	49.0	[0.5287105]	[146]	[]	[]	[59446374]	[]
432_2768	chr10	16817572	16817972	+	1000	49.0	[]	[]	[2.7733407]	[156]	[]	[16817818]
432_2771	chr11	78079709	78080109	+	1000	49.0	[]	[]	[3.7434123]	[161]	[]	[78079951]
432_2788	chr2	177242474	177242874	+	1000	49.0	[1.7442361]	[147]	[]	[]	[177242704]	[]
432_2804	chr4	74531922	74532322	+	1000	49.0	[-0.76195616]	[109]	[]	[]	[74532090]	[]
432_2808	chr5	79235282	79235682	+	1000	49.0	[-0.53978586]	[100]	[1.0980642]	[167]	[79235460]	[79235527]
432_2814	chr6	118980081	118980481	+	1000	49.0	[]	[]	[2.572264]	[162]	[]	[118980328]
432_2855	chr16	88978495	88978895	+	1000	48.5	[]	[]	[-1.9707183]	[214]	[]	[88978726]
432_2870	chr22	22692746	22693146	+	1000	48.5	[-1.0909915]	[82]	[]	[]	[22692898]	[]
432_2902	chr1	46077628	46078028	+	1000	48.0	[]	[]	[6.805838, -1.9166173, 1.3521944]	[69, 76, 155]	[]	[46077788, 46077795, 46077874]
432_2912	chr10	72298208	72298608	+	1000	48.0	[0.2781368]	[208]	[]	[]	[72298444]	[]
432_2982	chr11	62025427	62025827	+	1000	47.5	[1.0501106]	[166]	[]	[]	[62025654]	[]
432_3023	chr6	4322813	4323213	+	1000	47.5	[]	[]	[-1.4683962]	[176]	[]	[4323040]
432_3053	chr1	20185217	20185617	+	1000	47.0	[1.9048282]	[154]	[]	[]	[20185443]	[]
432_307	chr2	175036540	175036940	+	1000	124.5	[8.159912, 4.268512]	[84, 90]	[]	[]	[175036724, 175036730]	[]
432_3076	chr12	122399839	122400239	+	1000	47.0	[]	[]	[2.9156702]	[115]	[]	[122400027]
432_3080	chr15	55403455	55403855	+	1000	47.0	[]	[]	[1.6128726]	[136]	[]	[55403681]
432_313	chr10	67790939	67791339	+	1000	123.0	[-0.8439705]	[59]	[]	[]	[67791094]	[]
432_3152	chr9	130863661	130864061	+	1000	47.0	[3.743254]	[203]	[]	[]	[130863897]	[]
432_3206	chr2	47176490	47176890	+	1000	46.5	[]	[]	[0.055759612]	[125]	[]	[47176711]
432_3213	chr2	219642357	219642757	+	1000	46.5	[]	[]	[4.3947415]	[54]	[]	[219642511]
432_3215	chr20	34112037	34112437	+	1000	46.5	[2.3141632]	[118]	[]	[]	[34112232]	[]
432_3224	chr22	21760631	21761031	+	1000	46.5	[4.2113576]	[104]	[]	[]	[21760822]	[]
432_3255	chr6	161205113	161205513	+	1000	46.5	[2.5797489]	[127]	[]	[]	[161205279]	[]
432_3301	chr13	93320976	93321376	+	1000	46.0	[]	[]	[1.6458955]	[137]	[]	[93321212]
432_3304	chr15	89117744	89118144	+	1000	46.0	[-0.84793377]	[149]	[]	[]	[89117991]	[]
432_331	chr17	49739753	49740153	+	1000	120.5	[-0.6779089]	[157]	[]	[]	[49739988]	[]
432_3310	chr16	79869536	79869936	+	1000	46.0	[4.635731]	[174]	[]	[]	[79869716]	[]
432_334	chr1	151059452	151059852	+	1000	120.0	[-0.8972648]	[105]	[]	[]	[151059643]	[]
432_3384	chr1	227748800	227749200	+	1000	45.5	[]	[]	[0.76311064]	[105]	[]	[227748968]
432_3393	chr11	65426155	65426555	+	1000	45.5	[6.554779, 2.4578197]	[139, 145]	[-1.225952]	[122]	[65426379, 65426385]	[65426362]
432_3398	chr14	23969788	23970188	+	1000	45.5	[2.4897819]	[59]	[]	[]	[23969946]	[]
432_340	chr7	77538619	77539019	+	1000	119.5	[0.97306836]	[141]	[]	[]	[77538858]	[]
432_3428	chr22	21700891	21701291	+	1000	45.5	[]	[]	[0.27464733]	[140]	[]	[21701075]
432_344	chr14	23953996	23954396	+	1000	118.5	[-0.63000774]	[133]	[]	[]	[23954226]	[]
432_3448	chr5	68456768	68457168	+	1000	45.5	[]	[]	[-1.7214843, -1.4317573]	[156, 163]	[]	[68457008, 68457015]
432_3463	chr7	129877425	129877825	+	1000	45.5	[-0.45759296]	[164]	[]	[]	[129877628]	[]
432_3509	chr11	78040164	78040564	+	941	45.0	[]	[]	[0.6345241]	[129]	[]	[78040365]
432_3511	chr12	55842821	55843221	+	1000	45.0	[-0.9224193]	[149]	[]	[]	[55843059]	[]
432_3532	chr2	99335902	99336302	+	1000	45.0	[2.13078, -0.61852294]	[142, 148]	[]	[]	[99336120, 99336126]	[]
432_3563	chr5	43041410	43041810	+	1000	45.0	[-0.26644614]	[81]	[]	[]	[43041584]	[]
432_3569	chr6	30617502	30617902	+	1000	45.0	[3.4169438]	[61]	[]	[]	[30617659]	[]
432_3601	chr1	201895856	201896256	+	1000	44.5	[]	[]	[-1.0125049]	[134]	[]	[201896054]
432_3606	chr1	225999434	225999834	+	1000	44.5	[]	[]	[6.661431]	[88]	[]	[225999604]
432_3614	chr10	84293720	84294120	+	1000	44.5	[-1.6251006]	[194]	[]	[]	[84293926]	[]
432_3625	chr14	90970082	90970482	+	1000	44.5	[]	[]	[3.6512804, 5.515826]	[94, 104]	[]	[90970265, 90970275]
432_3650	chr21	42199439	42199839	+	1000	44.5	[0.50995976]	[156]	[]	[]	[42199687]	[]
432_373	chr19	49924290	49924690	+	1000	114.5	[-0.53804433]	[151]	[]	[]	[49924534]	[]
432_3733	chr13	45340403	45340803	+	1000	44.0	[-1.1002679]	[76]	[]	[]	[45340574]	[]
432_3760	chr22	19480900	19481300	+	1000	44.0	[]	[]	[1.6350675]	[161]	[]	[19481142]
432_3767	chr22	22422514	22422914	+	1000	44.0	[-0.47073695]	[78]	[]	[]	[22422667]	[]
432_3803	chr8	41508393	41508793	+	1000	44.0	[]	[]	[4.6184754]	[94]	[]	[41508565]
432_3857	chr15	50880552	50880952	+	1000	43.5	[-0.53804433]	[92]	[]	[]	[50880726]	[]
432_3860	chr17	4969226	4969626	+	1000	43.5	[1.5467966]	[95]	[]	[]	[4969379]	[]
432_3863	chr17	59786570	59786970	+	1000	43.5	[]	[]	[1.7172681]	[110]	[]	[59786776]
432_3890	chr22	23011980	23012380	+	1000	43.5	[]	[]	[-1.6532068]	[154]	[]	[23012199]
432_3907	chr3	179375104	179375504	+	1000	43.5	[5.5271235]	[95]	[]	[]	[179375273]	[]
432_3926	chr6	105601519	105601919	+	1000	43.5	[-1.1269662]	[164]	[-0.73905784]	[88]	[105601751]	[105601675]
432_4	chr16	46390492	46390892	+	1000	859.5	[2.4373834]	[143]	[]	[]	[46390734]	[]
432_405	chr5	72282053	72282453	+	1000	111.0	[1.7747004]	[113]	[-0.48727065]	[153]	[72282254]	[72282294]
432_4102	chr11	65507397	65507797	+	1000	42.5	[]	[]	[-0.26685846]	[96]	[]	[65507581]
432_4108	chr12	64672976	64673376	+	1000	42.5	[]	[]	[0.5741821]	[121]	[]	[64673189]
432_4110	chr12	93569710	93570110	+	1000	42.5	[]	[]	[-1.0428084]	[109]	[]	[93569914]
432_414	chr21	34939706	34940106	+	1000	110.0	[-0.313171]	[98]	[]	[]	[34939898]	[]
432_4197	chr6	31736533	31736933	+	1000	42.5	[]	[]	[-1.0557202]	[127]	[]	[31736724]
432_4245	chr10	7525225	7525625	+	1000	42.0	[-0.60652465, -1.958735]	[107, 135]	[]	[]	[7525431, 7525459]	[]
432_4253	chr11	43577037	43577437	+	1000	42.0	[]	[]	[-0.73639905]	[65]	[]	[43577196]
432_4260	chr11	114400714	114401114	+	1000	42.0	[]	[]	[0.94817233, 4.810393]	[84, 109]	[]	[114400896, 114400921]
432_4269	chr15	45637521	45637921	+	1000	42.0	[11.94118, 10.598209, 1.0036784]	[102, 108, 126]	[]	[]	[45637688, 45637694, 45637712]	[]
432_429	chr1	143252959	143253359	+	1000	107.5	[]	[]	[-1.4737619]	[97]	[]	[143253147]
432_4308	chr22	22037544	22037944	+	1000	42.0	[-1.7544245, -0.7468332]	[109, 124]	[]	[]	[22037701, 22037716]	[]
432_4321	chr4	181143209	181143609	+	1000	42.0	[1.1156125]	[149]	[]	[]	[181143432]	[]
432_4339	chr7	66439724	66440124	+	1000	42.0	[3.4050288]	[162]	[]	[]	[66439965]	[]
432_4342	chr7	107007371	107007771	+	1000	42.0	[]	[]	[4.4720144, -1.1376114]	[103, 173]	[]	[107007540, 107007610]
432_4345	chr7	141738109	141738509	+	1000	42.0	[]	[]	[15.538926]	[111]	[]	[141738316]
432_4354	chr9	120842462	120842862	+	1000	42.0	[]	[]	[2.2154062]	[67]	[]	[120842615]
432_4376	chr1	150981351	150981751	+	1000	41.5	[-1.5820357]	[143]	[]	[]	[150981579]	[]
432_440	chr22	19479281	19479681	+	1000	107.0	[0.22362494]	[157]	[]	[]	[19479527]	[]
432_4424	chr18	9743591	9743991	+	1000	41.5	[]	[]	[-0.9343796]	[167]	[]	[9743825]
432_4439	chr2	217108590	217108990	+	1000	41.5	[2.6516328]	[79]	[]	[]	[217108764]	[]
432_4443	chr22	20319621	20320021	+	1000	41.5	[0.11240904]	[176]	[]	[]	[20319835]	[]
432_4452	chr22	22855584	22855984	+	1000	41.5	[-0.8989623]	[134]	[]	[]	[22855781]	[]
432_4471	chr5	43105378	43105778	+	1000	41.5	[]	[]	[1.5577027, 2.1688125]	[107, 112]	[]	[43105567, 43105572]
432_4474	chr5	76657934	76658334	+	1000	41.5	[]	[]	[-1.901767]	[59]	[]	[76658091]
432_448	chr6	3338896	3339296	+	1000	106.0	[-0.9119356]	[162]	[]	[]	[3339132]	[]
432_4509	chr1	26698266	26698666	+	1000	41.0	[]	[]	[-0.8358176]	[104]	[]	[26698463]
432_4525	chr1	230979030	230979430	+	1000	41.0	[2.3486023]	[146]	[]	[]	[230979239]	[]
432_4536	chr11	83286232	83286632	+	1000	41.0	[-1.2139075]	[106]	[]	[]	[83286434]	[]
432_4550	chr16	20826016	20826416	+	1000	41.0	[]	[]	[-1.8693554]	[151]	[]	[20826240]
432_4552	chr16	87950782	87951182	+	1000	41.0	[0.8410623]	[93]	[]	[]	[87950964]	[]
432_4566	chr2	90387602	90388002	+	1000	41.0	[0.17720369]	[80]	[]	[]	[90387767]	[]
432_4617	chr6	107539393	107539793	+	1000	41.0	[]	[]	[-1.108824]	[125]	[]	[107539589]
432_4621	chr7	5428930	5429330	+	1000	41.0	[2.1105883]	[171]	[]	[]	[5429153]	[]
432_4638	chr9	69215979	69216379	+	1000	41.0	[]	[]	[1.1452272]	[158]	[]	[69216195]
432_4708	chr19	4791430	4791830	+	1000	40.5	[]	[]	[1.1929647]	[134]	[]	[4791636]
432_4739	chr22	22213740	22214140	+	1000	40.5	[4.320419]	[115]	[]	[]	[22213904]	[]
432_4820	chr1	1780337	1780737	+	1000	40.0	[0.98368067]	[85]	[0.96662277]	[102]	[1780514]	[1780531]
432_4821	chr1	6958409	6958809	+	1000	40.0	[-1.9452353]	[176]	[]	[]	[6958642]	[]
432_4860	chr12	101616214	101616614	+	1000	40.0	[]	[]	[0.28943187, -1.9128412]	[89, 112]	[]	[101616382, 101616405]
432_4875	chr19	1652703	1653103	+	1000	40.0	[-0.110921286]	[133]	[]	[]	[1652928]	[]
432_4891	chr2	121596415	121596815	+	1000	40.0	[-1.2051008]	[162]	[]	[]	[121596666]	[]
432_4904	chr21	35548165	35548565	+	1000	40.0	[-0.5907911, -1.8047656]	[120, 157]	[]	[]	[35548356, 35548393]	[]
432_4905	chr21	36429979	36430379	+	1000	40.0	[]	[]	[-0.7828127]	[99]	[]	[36430156]
432_4939	chr5	36703188	36703588	+	1000	40.0	[]	[]	[-1.8461462]	[134]	[]	[36703393]
432_4993	chr1	156767296	156767696	+	1000	39.5	[]	[]	[-1.8663183, 0.48867115]	[105, 111]	[]	[156767485, 156767491]
432_5003	chr1	228084349	228084749	+	1000	39.5	[]	[]	[4.117208]	[121]	[]	[228084556]
432_501	chr9	131178465	131178865	+	1000	101.0	[]	[]	[-1.9092925, 1.1490474]	[91, 97]	[]	[131178641, 131178647]
432_5023	chr15	67670600	67671000	+	1000	39.5	[12.501782]	[121]	[]	[]	[67670813]	[]
432_5028	chr17	55496405	55496805	+	1000	39.5	[-1.9452353]	[134]	[]	[]	[55496611]	[]
432_5029	chr18	3654473	3654873	+	1000	39.5	[]	[]	[1.7825859]	[122]	[]	[3654677]
432_503	chr17	59695976	59696376	+	1000	100.5	[]	[]	[-1.0547451]	[133]	[]	[59696201]
432_5053	chr21	33584401	33584801	+	1000	39.5	[]	[]	[-0.36361513]	[80]	[]	[33584569]
432_5097	chr6	30557191	30557591	+	1000	39.5	[-1.3542454]	[91]	[]	[]	[30557356]	[]
432_5126	chr9	133004167	133004567	+	1000	39.5	[-1.2827002]	[141]	[]	[]	[133004335]	[]
432_5155	chr10	74827061	74827461	+	1000	39.0	[-0.46469763, 1.4815845]	[165, 171]	[]	[]	[74827275, 74827281]	[]
432_5156	chr10	98460913	98461313	+	1000	39.0	[]	[]	[-1.05216]	[118]	[]	[98461110]
432_5252	chr6	42224718	42225118	+	1000	39.0	[1.8738115]	[123]	[]	[]	[42224927]	[]
432_5253	chr6	83442774	83443174	+	1000	39.0	[-1.3059123]	[134]	[]	[]	[83442971]	[]
432_5262	chr7	43034587	43034987	+	1000	39.0	[2.6476471, -0.59279656]	[170, 176]	[]	[]	[43034778, 43034784]	[]
432_5272	chr7	143287790	143288190	+	1000	39.0	[-0.22746122]	[156]	[1.7167941]	[114]	[143288027]	[143287985]
432_5298	chr1	47262805	47263205	+	1000	38.5	[]	[]	[-0.9315594, 2.62791]	[75, 92]	[]	[47262970, 47262987]
432_5311	chr1	180585594	180585994	+	1000	38.5	[]	[]	[2.2737823]	[210]	[]	[180585831]
432_5348	chr12	103858858	103859258	+	1000	38.5	[7.062321]	[183]	[]	[]	[103859099]	[]
432_5359	chr15	39704763	39705163	+	1000	38.5	[2.069486]	[144]	[]	[]	[39704964]	[]
432_5387	chr19	47113445	47113845	+	1000	38.5	[1.2011685]	[95]	[]	[]	[47113610]	[]
432_5416	chr22	23010603	23011003	+	1000	38.5	[0.02629475, -0.6278468]	[159, 165]	[]	[]	[23010768, 23010774]	[]
432_5420	chr3	9977234	9977634	+	1000	38.5	[0.6770642]	[207]	[]	[]	[9977476]	[]
432_5422	chr3	19946956	19947356	+	1000	38.5	[]	[]	[2.8299005]	[211]	[]	[19947172]
432_5490	chr1	39390315	39390715	+	1000	38.0	[-0.9499896]	[162]	[-0.6372175]	[120]	[39390557]	[39390515]
432_5531	chr11	65502838	65503238	+	1000	38.0	[-1.3723983, 4.670786]	[92, 126]	[]	[]	[65502998, 65503032]	[]
432_5538	chr12	132866371	132866771	+	1000	38.0	[-0.8479061, -0.8479061]	[126, 144]	[]	[]	[132866583, 132866601]	[]
432_5546	chr15	43824733	43825133	+	1000	38.0	[1.3448092]	[154]	[]	[]	[43824967]	[]
432_555	chr10	15703412	15703812	+	1000	95.0	[8.795369]	[92]	[]	[]	[15703584]	[]
432_5585	chr2	227451343	227451743	+	1000	38.0	[]	[]	[2.0527606]	[144]	[]	[227451570]
432_5589	chr21	37300318	37300718	+	1000	38.0	[]	[]	[2.0409257]	[108]	[]	[37300521]
432_559	chr7	56033534	56033934	+	1000	95.0	[]	[]	[2.2245047]	[54]	[]	[56033686]
432_5632	chr5	173764441	173764841	+	1000	38.0	[]	[]	[1.1770221]	[166]	[]	[173764691]
432_5633	chr6	4728198	4728598	+	1000	38.0	[]	[]	[-1.4580956]	[86]	[]	[4728359]
432_5651	chr7	69824693	69825093	+	1000	38.0	[]	[]	[-1.8999001]	[86]	[]	[69824869]
432_5662	chr8	101376037	101376437	+	978	38.0	[]	[]	[-1.4554415]	[127]	[]	[101376253]
432_5720	chr10	3828811	3829211	+	1000	37.5	[7.851781, 24.117722]	[123, 129]	[]	[]	[3829034, 3829040]	[]
432_5721	chr10	5284389	5284789	+	1000	37.5	[4.6241975]	[127]	[]	[]	[5284588]	[]
432_5787	chr2	32558528	32558928	+	1000	37.5	[0.62002605]	[123]	[]	[]	[32558747]	[]
432_5853	chr5	135139808	135140208	+	1000	37.5	[3.8338933]	[103]	[]	[]	[135140002]	[]
432_5860	chr6	26284910	26285310	+	1000	37.5	[2.2513251, -1.4889799]	[232, 238]	[]	[]	[26285151, 26285157]	[]
432_5889	chr9	128218411	128218811	+	1000	37.5	[5.343084]	[138]	[]	[]	[128218647]	[]
432_5901	chr9	131218186	131218586	+	1000	37.5	[]	[]	[0.16343142]	[202]	[]	[131218411]
432_5910	chr1	27556469	27556869	+	1000	37.0	[]	[]	[-2.0116584]	[216]	[]	[27556718]
432_5925	chr1	176879044	176879444	+	1000	37.0	[]	[]	[3.2453175]	[105]	[]	[176879221]
432_5978	chr13	91352064	91352464	+	1000	37.0	[1.126946]	[112]	[]	[]	[91352226]	[]
432_5994	chr15	80160691	80161091	+	907	37.0	[]	[]	[0.028846601]	[118]	[]	[80160851]
432_6001	chr17	49832915	49833315	+	1000	37.0	[]	[]	[1.2729794]	[154]	[]	[49833152]
432_6007	chr19	1268517	1268917	+	1000	37.0	[]	[]	[2.3817942]	[190]	[]	[1268768]
432_6029	chr20	49747707	49748107	+	1000	37.0	[-0.97235197]	[167]	[]	[]	[49747942]	[]
432_606	chr1	26336763	26337163	+	1000	91.5	[6.9083796]	[191]	[]	[]	[26337014]	[]
432_6077	chr5	1186160	1186560	+	1000	37.0	[]	[]	[1.7825859, 1.7825859]	[73, 113]	[]	[1186317, 1186357]
432_6086	chr6	11575468	11575868	+	1000	37.0	[-1.117239]	[87]	[]	[]	[11575635]	[]
432_6109	chr6	159042478	159042878	+	1000	37.0	[10.974484, 6.48622]	[83, 89]	[]	[]	[159042656, 159042662]	[]
432_6119	chr8	68152850	68153250	+	1000	37.0	[]	[]	[0.62914073]	[93]	[]	[68153006]
432_6120	chr8	73371659	73372059	+	1000	37.0	[]	[]	[-1.6621659]	[171]	[]	[73371885]
432_6129	chr9	130870600	130871000	+	1000	37.0	[]	[]	[-1.0785544]	[176]	[]	[130870790]
432_6156	chr1	170168307	170168707	+	1000	36.5	[]	[]	[-1.0290885, 13.825538, -1.6967031]	[136, 142, 148]	[]	[170168519, 170168525, 170168531]
432_6187	chr11	19980990	19981390	+	1000	36.5	[]	[]	[1.1678078]	[147]	[]	[19981237]
432_6224	chr17	76353862	76354262	+	1000	36.5	[]	[]	[5.0297866, 3.056551]	[163, 169]	[]	[76354081, 76354087]
432_6242	chr2	33292916	33293316	+	880	36.5	[]	[]	[-0.7945728]	[70]	[]	[33293074]
432_6299	chr5	10724928	10725328	+	1000	36.5	[0.8576407]	[119]	[]	[]	[10725084]	[]
432_6340	chr7	128343631	128344031	+	1000	36.5	[1.6737148]	[139]	[]	[]	[128343799]	[]
432_6374	chrX	152155886	152156286	+	1000	36.5	[]	[]	[-1.7847527]	[122]	[]	[152156107]
432_6428	chr11	124079834	124080234	+	1000	36.0	[]	[]	[2.1029098]	[89]	[]	[124080003]
432_6440	chr15	51981678	51982078	+	1000	36.0	[13.4492235]	[109]	[]	[]	[51981866]	[]
432_6457	chr17	56985673	56986073	+	1000	36.0	[]	[]	[0.8767318]	[84]	[]	[56985856]
432_6458	chr17	58328214	58328614	+	856	36.0	[]	[]	[2.6686013]	[173]	[]	[58328454]
432_6466	chr18	55748415	55748815	+	1000	36.0	[0.68451786]	[92]	[]	[]	[55748595]	[]
432_6490	chr2	151756821	151757221	+	740	36.0	[1.6231407, 4.360546]	[141, 147]	[]	[]	[151757048, 151757054]	[]
432_6494	chr2	177552793	177553193	+	860	36.0	[0.06143349]	[141]	[]	[]	[177552965]	[]
432_6507	chr22	20292438	20292838	+	1000	36.0	[2.8600225]	[74]	[]	[]	[20292590]	[]
432_6536	chr5	10250143	10250543	+	1000	36.0	[]	[]	[-1.206861]	[132]	[]	[10250356]
432_6538	chr5	57383221	57383621	+	1000	36.0	[]	[]	[2.4287162]	[110]	[]	[57383418]
432_6555	chr6	32971142	32971542	+	1000	36.0	[]	[]	[-0.4057908]	[191]	[]	[32971363]
432_6561	chr6	47242766	47243166	+	1000	36.0	[]	[]	[-1.9153141]	[141]	[]	[47242954]
432_6580	chr7	138243472	138243872	+	790	36.0	[-1.3046353]	[221]	[]	[]	[138243698]	[]
432_6633	chr10	25062167	25062567	+	1000	35.5	[]	[]	[3.2362804]	[182]	[]	[25062404]
432_6635	chr10	49161444	49161844	+	872	35.5	[]	[]	[-1.0717621, -0.8759103]	[156, 162]	[]	[49161609, 49161615]
432_664	chr16	34591653	34592053	+	1000	88.0	[]	[]	[6.0639257]	[137]	[]	[34591863]
432_6674	chr14	65044625	65045025	+	1000	35.5	[-1.6224145]	[160]	[]	[]	[65044870]	[]
432_6689	chr17	42314109	42314509	+	1000	35.5	[-0.91574293]	[169]	[]	[]	[42314349]	[]
432_6691	chr17	47971152	47971552	+	790	35.5	[-0.92572814]	[201]	[]	[]	[47971380]	[]
432_6711	chr19	40084975	40085375	+	1000	35.5	[5.5343294]	[128]	[]	[]	[40085196]	[]
432_6726	chr21	37378735	37379135	+	831	35.5	[]	[]	[-1.130054]	[116]	[]	[37378896]
432_6750	chr22	23236460	23236860	+	1000	35.5	[]	[]	[-1.4749237]	[247]	[]	[23236711]
432_6759	chr3	88003067	88003467	+	1000	35.5	[]	[]	[2.6260316]	[55]	[]	[88003222]
432_6760	chr3	142046371	142046771	+	1000	35.5	[]	[]	[3.6321168]	[141]	[]	[142046610]
432_6803	chr7	106657565	106657965	+	1000	35.5	[-1.9424584]	[155]	[]	[]	[106657788]	[]
432_6867	chr1	230126495	230126895	+	763	35.0	[-0.15374397]	[116]	[]	[]	[230126698]	[]
432_6910	chr15	34336343	34336743	+	1000	35.0	[]	[]	[-1.908957]	[105]	[]	[34336519]
432_6934	chr18	9010011	9010411	+	1000	35.0	[]	[]	[0.19931877]	[168]	[]	[9010185]
432_6951	chr2	33477578	33477978	+	870	35.0	[]	[]	[0.7321417]	[167]	[]	[33477816]
432_701	chr1	221708029	221708429	+	1000	85.5	[-0.45282453]	[80]	[]	[]	[221708207]	[]
432_7019	chr5	154754738	154755138	+	1000	35.0	[-0.8747786]	[93]	[]	[]	[154754918]	[]
432_7021	chr6	4727684	4728084	+	745	35.0	[]	[]	[0.074376464, 8.830872]	[101, 116]	[]	[4727874, 4727889]
432_7024	chr6	13045957	13046357	+	1000	35.0	[]	[]	[1.0456061]	[142]	[]	[13046157]
432_7037	chr6	81938317	81938717	+	964	35.0	[]	[]	[-0.18018468]	[74]	[]	[81938488]
432_7045	chr6	139777226	139777626	+	1000	35.0	[]	[]	[0.4540332]	[110]	[]	[139777412]
432_7049	chr7	20217317	20217717	+	805	35.0	[0.1531565, -1.1323484]	[154, 160]	[]	[]	[20217531, 20217537]	[]
432_7054	chr7	106449529	106449929	+	957	35.0	[]	[]	[2.7416468]	[230]	[]	[106449767]
432_7111	chr1	211606763	211607163	+	1000	34.5	[]	[]	[4.4521327]	[119]	[]	[211606953]
432_7133	chr10	92756235	92756635	+	906	34.5	[]	[]	[3.5665967]	[123]	[]	[92756417]
432_7149	chr12	54307067	54307467	+	977	34.5	[]	[]	[-1.2015094]	[108]	[]	[54307260]
432_715	chr10	84139306	84139706	+	1000	84.5	[2.7228367]	[147]	[]	[]	[84139552]	[]
432_7156	chr13	44191322	44191722	+	924	34.5	[3.9706845]	[109]	[]	[]	[44191512]	[]
432_7208	chr21	33542474	33542874	+	1000	34.5	[5.5573945]	[127]	[]	[]	[33542637]	[]
432_7236	chr22	22684420	22684820	+	1000	34.5	[]	[]	[2.1029098]	[163]	[]	[22684602]
432_7263	chr5	1479443	1479843	+	1000	34.5	[2.1434567]	[115]	[]	[]	[1479638]	[]
432_7264	chr5	10438397	10438797	+	989	34.5	[]	[]	[8.158095]	[136]	[]	[10438630]
432_7278	chr6	27472176	27472576	+	975	34.5	[-0.9395628]	[180]	[]	[]	[27472402]	[]
432_730	chr1_KI270709v1_random	3564	3964	+	1000	84.0	[]	[]	[-1.4737619]	[168]	[]	[3795]
432_7302	chr7	42618649	42619049	+	897	34.5	[]	[]	[-1.29472]	[140]	[]	[42618889]
432_7362	chr1	78055450	78055850	+	1000	34.0	[]	[]	[1.4499074]	[168]	[]	[78055625]
432_7385	chr1	234777075	234777475	+	969	34.0	[]	[]	[0.35344526]	[148]	[]	[234777298]
432_7399	chr11	34634081	34634481	+	774	34.0	[5.3096085]	[78]	[3.2862961]	[169]	[34634237]	[34634328]
432_7402	chr11	65497056	65497456	+	940	34.0	[]	[]	[0.44450158]	[105]	[]	[65497255]
432_7406	chr12	75511390	75511790	+	1000	34.0	[6.4685817]	[172]	[]	[]	[75511619]	[]
432_7440	chr17	75404226	75404626	+	998	34.0	[-1.4291754]	[171]	[]	[]	[75404404]	[]
432_7446	chr19	2740018	2740418	+	1000	34.0	[]	[]	[0.9654119]	[169]	[]	[2740258]
432_7507	chr22	22022039	22022439	+	876	34.0	[7.6763887]	[154]	[]	[]	[22022253]	[]
432_7540	chr4	122806953	122807353	+	1000	34.0	[0.8789409]	[86]	[5.439402]	[124]	[122807134]	[122807172]
432_7553	chr5	60820467	60820867	+	1000	34.0	[3.8768075]	[227]	[]	[]	[60820716]	[]
432_7572	chr6	26031633	26032033	+	821	34.0	[1.3730888]	[208]	[]	[]	[26031868]	[]
432_7575	chr6	30877610	30878010	+	949	34.0	[]	[]	[10.983695]	[146]	[]	[30877834]
432_7586	chr6	139448150	139448550	+	998	34.0	[]	[]	[-1.646115]	[138]	[]	[139448301]
432_7625	chrX	2631444	2631844	+	1000	34.0	[]	[]	[1.9325743]	[74]	[]	[2631615]
432_7629	chr1	15849700	15850100	+	996	33.5	[]	[]	[-1.5537707]	[65]	[]	[15849857]
432_7643	chr1	46527832	46528232	+	971	33.5	[]	[]	[-2.0205083]	[106]	[]	[46528000]
432_7646	chr1	84505285	84505685	+	1000	33.5	[]	[]	[-1.2710732]	[89]	[]	[84505469]
432_7649	chr1	125169948	125170348	+	777	33.5	[]	[]	[-0.7122958, -1.4737619]	[112, 164]	[]	[125170139, 125170191]
432_7664	chr1	231053695	231054095	+	1000	33.5	[6.5833535]	[139]	[]	[]	[231053869]	[]
432_7673	chr10	17201515	17201915	+	1000	33.5	[]	[]	[-1.5328783]	[164]	[]	[17201732]
432_7682	chr11	5151656	5152056	+	1000	33.5	[2.5191135, 8.492455]	[122, 128]	[]	[]	[5151853, 5151859]	[]
432_7690	chr11	126420368	126420768	+	866	33.5	[]	[]	[0.017263921]	[135]	[]	[126420582]
432_7695	chr12	93677179	93677579	+	778	33.5	[]	[]	[0.04437232, 3.5501733]	[170, 176]	[]	[93677422, 93677428]
432_7697	chr12	105083506	105083906	+	968	33.5	[]	[]	[1.8178668]	[138]	[]	[105083706]
432_7748	chr19	42075469	42075869	+	1000	33.5	[]	[]	[6.152691]	[93]	[]	[42075653]
432_7755	chr19	55503513	55503913	+	1000	33.5	[]	[]	[-0.54714304]	[119]	[]	[55503716]
432_7767	chr2	170361391	170361791	+	1000	33.5	[-0.03471813, -1.9469897]	[106, 112]	[]	[]	[170361557, 170361563]	[]
432_7770	chr2	177265987	177266387	+	981	33.5	[-0.22773957]	[148]	[]	[]	[177266166]	[]
432_7773	chr20	38947939	38948339	+	1000	33.5	[]	[]	[-0.97544926]	[149]	[]	[38948167]
432_7824	chr4	110198578	110198978	+	1000	33.5	[]	[]	[-0.96833605]	[139]	[]	[110198741]
432_7832	chr5	132419803	132420203	+	955	33.5	[]	[]	[-1.5807006]	[239]	[]	[132420053]
432_7834	chr5	151771420	151771820	+	886	33.5	[1.951436]	[86]	[1.8269815]	[156]	[151771599]	[151771669]
432_7884	chr7	121081347	121081747	+	1000	33.5	[]	[]	[2.4994202, -0.434766]	[138, 154]	[]	[121081534, 121081550]
432_7905	chr8	125273277	125273677	+	803	33.5	[]	[]	[-1.6441082]	[132]	[]	[125273503]
432_7929	chr1	2234519	2234919	+	985	33.0	[1.0029895]	[105]	[]	[]	[2234708]	[]
432_7953	chr1	119870943	119871343	+	957	33.0	[]	[]	[-2.006736, 4.8193493]	[103, 109]	[]	[119871143, 119871149]
432_7971	chr1	208236078	208236478	+	978	33.0	[-1.6325747]	[134]	[]	[]	[208236274]	[]
432_7974	chr1	235161002	235161402	+	969	33.0	[]	[]	[2.939088]	[171]	[]	[235161190]
432_798	chr6	15368165	15368565	+	1000	81.0	[1.6758592]	[139]	[]	[]	[15368397]	[]
432_7983	chr10	43408833	43409233	+	987	33.0	[2.6169186]	[120]	[]	[]	[43409045]	[]
432_7996	chr10	92238668	92239068	+	937	33.0	[]	[]	[-0.005611276]	[201]	[]	[92238905]
432_800	chr7	75624116	75624516	+	1000	81.0	[-1.8693554]	[150]	[]	[]	[75624355]	[]
432_8029	chr12	122080958	122081358	+	660	33.0	[]	[]	[3.6118643]	[159]	[]	[122081202]
432_8091	chr2	86748011	86748411	+	959	33.0	[4.5277176]	[86]	[]	[]	[86748176]	[]
432_8094	chr2	96638286	96638686	+	1000	33.0	[4.175235]	[122]	[]	[]	[96638492]	[]
432_8096	chr2	157837935	157838335	+	690	33.0	[1.3351038]	[134]	[]	[]	[157838150]	[]
432_8112	chr21	14630465	14630865	+	964	33.0	[2.0137477]	[91]	[]	[]	[14630634]	[]
432_8116	chr22	19234485	19234885	+	995	33.0	[1.0119458]	[137]	[]	[]	[19234690]	[]
432_8127	chr22	21760077	21760477	+	975	33.0	[2.2570999]	[162]	[]	[]	[21760280]	[]
432_8148	chr3	37998300	37998700	+	972	33.0	[]	[]	[0.07509635]	[71]	[]	[37998470]
432_8162	chr3	196988482	196988882	+	966	33.0	[]	[]	[-1.5448269]	[104]	[]	[196988650]
432_8237	chr9	92325218	92325618	+	910	33.0	[]	[]	[2.1123657, 0.8567462]	[176, 182]	[]	[92325445, 92325451]
432_8281	chr1	58899051	58899451	+	976	32.5	[-1.9545348]	[143]	[]	[]	[58899273]	[]
432_8319	chr10	78033403	78033803	+	837	32.5	[0.36826837, 1.2801479, -1.7634333]	[67, 126, 132]	[]	[]	[78033568, 78033627, 78033633]	[]
432_8436	chr2	169828264	169828664	+	880	32.5	[]	[]	[-0.6573875]	[78]	[]	[169828442]
432_8466	chr22	22209632	22210032	+	953	32.5	[0.15171963]	[154]	[]	[]	[22209804]	[]
432_8495	chr4	112146127	112146527	+	868	32.5	[]	[]	[2.2152798, -0.42586917]	[137, 143]	[]	[112146342, 112146348]
432_8510	chr6	12022943	12023343	+	941	32.5	[]	[]	[0.10310175]	[144]	[]	[12023173]
432_8523	chr6	34835049	34835449	+	780	32.5	[-1.8258864]	[83]	[]	[]	[34835205]	[]
432_8528	chr6	108558963	108559363	+	949	32.5	[-0.3007808]	[98]	[]	[]	[108559154]	[]
432_8534	chr6	146881806	146882206	+	938	32.5	[]	[]	[3.1548367]	[119]	[]	[146882002]
432_8551	chr7	97117359	97117759	+	954	32.5	[]	[]	[0.93449324]	[155]	[]	[97117560]
432_8570	chr8	102585096	102585496	+	954	32.5	[2.1017666]	[122]	[2.5137594, 1.5683975]	[104, 167]	[102585297]	[102585279, 102585342]
432_8581	chr9	97503120	97503520	+	949	32.5	[]	[]	[6.408684]	[192]	[]	[97503364]
432_8612	chr1	51463526	51463926	+	770	32.0	[]	[]	[0.6333371]	[95]	[]	[51463716]
432_862	chrX	119206189	119206589	+	1000	78.5	[0.8475319]	[142]	[]	[]	[119206426]	[]
432_8620	chr1	143251537	143251937	+	554	32.0	[]	[]	[-0.7122958]	[173]	[]	[143251786]
432_8630	chr1	180252658	180253058	+	794	32.0	[]	[]	[-1.9807218]	[123]	[]	[180252880]
432_8655	chr10	75115053	75115453	+	931	32.0	[]	[]	[1.7546289]	[111]	[]	[75115230]
432_8672	chr11	117224258	117224658	+	935	32.0	[2.6645565]	[201]	[]	[]	[117224489]	[]
432_8677	chr11	128831141	128831541	+	908	32.0	[]	[]	[7.2291965]	[80]	[]	[128831316]
432_8688	chr12	122500037	122500437	+	926	32.0	[1.7663331]	[99]	[]	[]	[122500205]	[]
432_8690	chr13	93228404	93228804	+	910	32.0	[-1.1589658, -1.1552254]	[124, 196]	[]	[]	[93228581, 93228653]	[]
432_8705	chr16	15885728	15886128	+	905	32.0	[]	[]	[-0.60843194]	[202]	[]	[15885959]
432_8714	chr17	48011351	48011751	+	822	32.0	[-1.5138135]	[145]	[]	[]	[48011555]	[]
432_8717	chr17	64927385	64927785	+	726	32.0	[]	[]	[2.2922506, 2.0705569]	[147, 168]	[]	[64927607, 64927628]
432_8727	chr18	8912476	8912876	+	924	32.0	[]	[]	[1.1251988]	[192]	[]	[8912702]
432_8744	chr2	10332069	10332469	+	776	32.0	[]	[]	[0.3903637]	[135]	[]	[10332303]
432_8758	chr2	156331613	156332013	+	869	32.0	[-1.2015094]	[132]	[]	[]	[156331798]	[]
432_8804	chr22	23268422	23268822	+	901	32.0	[]	[]	[1.8478422, -0.11153595]	[177, 181]	[]	[23268633, 23268637]
432_8846	chr5	95962334	95962734	+	897	32.0	[-1.393164, 2.3583596, 2.3583596, 0.6543946]	[83, 88, 94, 95]	[]	[]	[95962500, 95962505, 95962511, 95962512]	[]
432_8868	chr6	43516996	43517396	+	943	32.0	[1.5401137]	[133]	[6.243747]	[83]	[43517212]	[43517162]
432_8900	chr7	158781495	158781895	+	729	32.0	[-1.44448]	[130]	[]	[]	[158781714]	[]
432_8928	chrX	104156622	104157022	+	795	32.0	[]	[]	[-0.58411807, -1.5966631]	[74, 80]	[]	[104156796, 104156802]
432_8929	chr1	1758384	1758784	+	781	31.5	[2.0638843, -0.4525804]	[98, 104]	[]	[]	[1758581, 1758587]	[]
432_8995	chr11	95256437	95256837	+	710	31.5	[-1.0957634]	[128]	[]	[]	[95256640]	[]
432_9022	chr15	56245828	56246228	+	765	31.5	[0.9627111]	[170]	[]	[]	[56246060]	[]
432_9079	chr1_KI270714v1_random	9683	10083	+	879	31.5	[6.2914667]	[175]	[]	[]	[9933]	[]
432_9083	chr2	62039352	62039752	+	703	31.5	[]	[]	[1.5270177]	[172]	[]	[62039584]
432_9091	chr2	135052212	135052612	+	771	31.5	[]	[]	[0.5287437]	[87]	[]	[135052398]
432_9120	chr22	21437982	21438382	+	552	31.5	[]	[]	[1.2455969]	[93]	[]	[21438159]
432_9139	chr22	23118908	23119308	+	912	31.5	[]	[]	[-0.02181474]	[114]	[]	[23119078]
432_9144	chr3	9224436	9224836	+	848	31.5	[3.4601586, 0.22192018, 0.81220067]	[96, 102, 145]	[]	[]	[9224628, 9224634, 9224677]	[]
432_9159	chr4	40311928	40312328	+	894	31.5	[-1.7321647, 1.5320375]	[136, 142]	[]	[]	[40312146, 40312152]	[]
432_9163	chr4	168480357	168480757	+	864	31.5	[]	[]	[2.5018153, 21.900175]	[77, 83]	[]	[168480525, 168480531]
432_9176	chr6	7201897	7202297	+	851	31.5	[]	[]	[3.4920456]	[172]	[]	[7202075]
432_9182	chr6	31729432	31729832	+	558	31.5	[-1.5365149]	[132]	[]	[]	[31729630]	[]
432_9189	chr6	39213183	39213583	+	876	31.5	[]	[]	[-0.81069094]	[89]	[]	[39213370]
432_9195	chr6	49636612	49637012	+	883	31.5	[-0.7924248]	[102]	[]	[]	[49636795]	[]
432_9208	chr6	159989014	159989414	+	805	31.5	[]	[]	[0.22362494]	[101]	[]	[159989172]
432_921	chr1_KI270711v1_random	9038	9438	+	1000	76.0	[]	[]	[0.028846601]	[78]	[]	[9214]
432_9222	chr7	116363694	116364094	+	874	31.5	[]	[]	[-1.8890843]	[167]	[]	[116363943]
432_9223	chr7	120999879	121000279	+	757	31.5	[-1.5619006]	[77]	[]	[]	[121000052]	[]
432_9226	chr7	129472299	129472699	+	887	31.5	[]	[]	[2.2175527]	[152]	[]	[129472547]
432_9252	chr1	12478214	12478614	+	619	31.0	[-1.5971056]	[146]	[]	[]	[12478430]	[]
432_9271	chr1	46174451	46174851	+	866	31.0	[0.70697606]	[130]	[]	[]	[46174664]	[]
432_9273	chr1	109300647	109301047	+	844	31.0	[-1.931099, -0.8912411]	[129, 135]	[]	[]	[109300855, 109300861]	[]
432_9280	chr1	149888659	149889059	+	859	31.0	[0.18796271]	[134]	[]	[]	[149888873]	[]
432_9285	chr1	173868695	173869095	+	863	31.0	[-1.9517167]	[65]	[]	[]	[173868855]	[]
432_9290	chr1	205141710	205142110	+	712	31.0	[2.6561875, -1.8023516, -0.9160252]	[93, 99, 104]	[]	[]	[205141902, 205141908, 205141913]	[]
432_9306	chr10	63269072	63269472	+	717	31.0	[0.1637086]	[165]	[]	[]	[63269267]	[]
432_9309	chr10	74150029	74150429	+	581	31.0	[]	[]	[8.523398]	[118]	[]	[74150238]
432_9320	chr11	64887977	64888377	+	582	31.0	[]	[]	[1.7509474]	[82]	[]	[64888133]
432_9331	chr12	92844174	92844574	+	893	31.0	[-0.8011155]	[108]	[-1.032437]	[157]	[92844375]	[92844424]
432_9344	chr13	107962106	107962506	+	842	31.0	[3.1568232]	[183]	[]	[]	[107962350]	[]
432_9371	chr16	66619499	66619899	+	854	31.0	[]	[]	[-1.6970102]	[177]	[]	[66619733]
432_9383	chr17	38825218	38825618	+	566	31.0	[]	[]	[2.3577342]	[191]	[]	[38825467]
432_9421	chr2	32591724	32592124	+	873	31.0	[]	[]	[-0.75655735]	[209]	[]	[32591962]
432_9473	chr22	20752845	20753245	+	856	31.0	[2.2933972]	[142]	[]	[]	[20753039]	[]
432_9491	chr22	22487564	22487964	+	872	31.0	[-1.0512826]	[123]	[]	[]	[22487754]	[]
432_9497	chr22	22825800	22826200	+	856	31.0	[2.5975227]	[69]	[-1.2806159]	[111]	[22825957]	[22825999]
432_9504	chr22	23238904	23239304	+	883	31.0	[-1.893705]	[175]	[]	[]	[23239142]	[]
432_9549	chr6	15575677	15576077	+	544	31.0	[-0.8216785]	[57]	[]	[]	[15575830]	[]
432_9550	chr6	26123621	26124021	+	781	31.0	[]	[]	[-0.51197404]	[107]	[]	[26123805]
432_9564	chr6	125919006	125919406	+	848	31.0	[12.20262, 0.50995976]	[182, 188]	[]	[]	[125919208, 125919214]	[]
432_9590	chr7	134834869	134835269	+	871	31.0	[]	[]	[-1.4495621]	[161]	[]	[134835075]
432_9594	chr7	148940758	148941158	+	701	31.0	[-0.7819464]	[89]	[]	[]	[148940912]	[]
432_9656	chr1	50960437	50960837	+	804	30.5	[7.7061195]	[204]	[]	[]	[50960677]	[]
432_966	chr14	24137387	24137787	+	1000	74.5	[-0.8059379]	[98]	[]	[]	[24137563]	[]
432_968	chr19	7943513	7943913	+	1000	74.5	[]	[]	[-0.10373953]	[144]	[]	[7943753]
432_9688	chr1	202376245	202376645	+	738	30.5	[9.444948]	[153]	[]	[]	[202376492]	[]
432_9712	chr11	66002001	66002401	+	830	30.5	[]	[]	[0.12031884]	[149]	[]	[66002246]
432_9716	chr11	86143530	86143930	+	755	30.5	[]	[]	[-1.8863988]	[124]	[]	[86143743]
432_9730	chr12	89686278	89686678	+	741	30.5	[-1.5127933]	[97]	[]	[]	[89686472]	[]
432_9756	chr15	82139927	82140327	+	805	30.5	[]	[]	[6.839764]	[134]	[]	[82140088]
432_9815	chr2	64648940	64649340	+	832	30.5	[]	[]	[6.332717]	[220]	[]	[64649183]
432_9903	chr4	83455815	83456215	+	840	30.5	[-1.893705]	[155]	[]	[]	[83456063]	[]
432_9922	chr6	26054105	26054505	+	820	30.5	[0.76481944]	[182]	[]	[]	[26054342]	[]
432_9925	chr6	33418067	33418467	+	735	30.5	[8.32734, 4.693665]	[126, 132]	[]	[]	[33418288, 33418294]	[]
432_994	chr1	246214993	246215393	+	1000	73.5	[]	[]	[2.5708368, 1.6348308]	[77, 115]	[]	[246215165, 246215203]
432_9962	chr7	159197488	159197888	+	836	30.5	[]	[]	[-1.7922561]	[116]	[]	[159197652]
432_9990	chrUn_GL000214v1	35812	36212	+	821	30.5	[]	[]	[0.3572189, 4.47479, 1.09172, 0.1363873]	[84, 119, 125, 154]	[]	[35986, 36021, 36027, 36056]
